id,nome,categoria,preco,fotos,resumo,descricao,detalhes,vibes,tamanhos,unica,vendida,novo,secreta,ilustracao
camiseta,Camiseta Estampada,Roupas,"30,00",,Estampas sortidas · tamanho único,"Camisetas com estampas alternativas sortidas. Cada uma é diferente: pergunte no WhatsApp quais estampas estão disponíveis, ou escreva na observação do pedido a que você quer.","Estampas sortidas; Tamanho único; Pergunte as estampas disponíveis; Pode encomendar","Trad goth, Pastel goth",,,,sim,,camiseta
perfume,Perfumes,Maquiagem e perfumes,,,Fragrâncias variadas,Perfumes variados. As fragrâncias e os preços mudam conforme o estoque: ponha na sacola e a gente te conta no WhatsApp quais tem agora.,"Fragrâncias variadas; Preço conforme a fragrância; Consulte o estoque no WhatsApp",Bruxinha,,,,sim,,perfume
espartilho,Espartilho Rosa Seca,Roupas,"189,90",,Amarração · renda no decote,"Espartilho vitoriano em rosa seca, com amarração na frente que ajusta a cintura e renda creme no decote. Vai por cima de blusa ou sozinho.","Amarração ajustável na frente; Barbatanas flexíveis; Renda no decote; Laço de cetim preto","Vitoriana, Pastel goth",,,,sim,,espartilho
saia,Saia de Renda Midnight,Roupas,"129,90",,Rodada · barra dupla de renda,"Saia rodada lilás com cós alto e duas camadas de renda na barra, uma creme e uma preta. Gira bonito e fica ótima com meia listrada.","Cós alto com elástico atrás; Barra dupla de renda; Forro que não marca; Cruzinha bordada","Vitoriana, Pastel goth",,,,,,saia
vestido,Vestido Boneca Lilás,Roupas,"219,90",,Manga bufante · gola boneca,"Vestido lilás de manga bufante, gola boneca creme e laço preto marcando a cintura. Doce na medida, com barra de renda.","Manga bufante curta; Gola boneca removível; Laço de veludo na cintura; Barra de renda",Pastel goth,,,,,,vestido
blusa,Blusa Vitoriana Creme,Roupas,"119,90",,Gola alta · manga bufante,"Blusa creme de gola alta com babado lilás, fita preta no pescoço e manga bufante com punho de renda. Base perfeita pro espartilho.","Gola alta com babado; Fita de veludo com coraçãozinho; Manga bufante longa; Botões forrados",Vitoriana,,sim,,,,blusa
capa,Capa de Veludo Lua Cheia,Roupas,"229,90",,Veludo · forro lilás · fecho dourado,"Capa de veludo preto com forro lilás e fecho dourado de correntinha. Por cima de vestido ou de moletom, vira feitiço na hora.","Veludo molhado; Forro de cetim lilás; Fecho dourado com corrente; Gola alta","Trad goth, Bruxinha",,,,sim,,capa
casaco,Casaco de Pelúcia Noite,Roupas,"279,90",,Longo · gola e barra de pelúcia,"Casaco longo preto com gola, punhos e barra de pelúcia macia. Por cima de vestido ou de saia longa, é trad goth na hora.","Comprimento abaixo do joelho; Pelúcia sintética macia; Forro leve; Botão escondido",Trad goth,,sim,,sim,,casaco
choker,Choker Lua de Renda,Joias e bijuterias,"39,90",,Veludo · renda · lua,Choker de veludo preto com renda creme por baixo e um pingente de lua lilás. Fecho ajustável com correntinha extensora.,"Veludo macio; Renda creme; Pingente de lua esmaltado; Correntinha extensora de 5 cm","Vitoriana, Pastel goth",,,,,,choker
chokerRosa,Choker Rosa Vermelha,Joias e bijuterias,"39,90",,Veludo · rosa vermelha,"Choker de fita de veludo preto com uma rosa vermelha no centro e uma gotinha pendurada. Amarra atrás, serve em qualquer pescoço.","Fita de veludo; Rosa de tecido vinho; Amarração atrás; Gotinha pendente","Vitoriana, Trad goth",,,,sim,,chokerRosa
rosario,Colar Rosário Noturno,Joias e bijuterias,"59,90",,Contas pretas e vinho · cruz,"Colar rosário de contas pretas, com uma conta vinho a cada cinco, medalhinha dourada e cruz pendente. Longo, fica lindo por cima de tudo.","Contas de vidro; Medalha dourada; Cruz de metal escuro; Comprimento longo",Trad goth,,,,,,rosario
camafeu,Broche Camafeu,Joias e bijuterias,"44,90",,Perfil marfim · moldura de pérolas,"Broche camafeu com perfil de moça em marfim, moldura dourada e pérolas em volta. Na gola, no espartilho ou numa fita de veludo.","Moldura dourada; Pérolas em volta; Alfinete com trava; Dá pra usar como pingente",Vitoriana,,sim,sim,,,camafeu
colarCruz,Colar Cruz Lilás,Joias e bijuterias,"49,90",,Cruz esmaltada · pedra rosa,Corrente de bolinhas com cruz gótica esmaltada em lilás e uma pedrinha rosa no centro. Comprimento de 45 cm.,"Cruz esmaltada; Pedra rosa; Corrente de 45 cm; Não escurece","Vitoriana, Pastel goth",,,,,,colarCruz
brincoMorcego,Brinco Morceguinho,Joias e bijuterias,"29,90",,Par · olhinhos rosa,"Par de brincos de morceguinho preto com olhinhos rosa. Levinhos, dá pra usar o dia inteiro sem pesar a orelha.","Par de brincos; Acrílico leve; Gancho antialérgico; Olhinhos pintados à mão","Bruxinha, Pastel goth",,,,sim,,brincoMorcego
brincoCruz,Brinco Argola Cruz,Joias e bijuterias,"34,90",,Par desigual · rosa e menta,"Argolinhas com cruzes pendentes, uma rosa e uma menta, de propósito. O par desigual que chama atenção.","Par desigual rosa e menta; Argola de 1,5 cm; Antialérgico; Pedrinha no centro","Trad goth, Pastel goth",,,,,,brincoCruz
anel,Anel Olho Místico,Joias e bijuterias,"39,90",,Ajustável · olho com cílios,Anel ajustável com um olho de íris menta e cílios de metal. Fofo e esquisito na medida certa.,"Aro ajustável; Olho esmaltado; Cílios de metal; Serve do 12 ao 22",Bruxinha,,,,,,anel
colarBola,Colar Bola de Cristal,Joias e bijuterias,"54,90",,Bola de vidro · lua por dentro,Pingente de bola de vidro com uma luazinha lilás lá dentro e tampinha dourada. Pra ler o futuro de pertinho.,"Bola de vidro de 2 cm; Lua lilás por dentro; Tampa dourada; Corrente de 50 cm",Bruxinha,,,,,,colarBola
bolsaCaixao,Bolsa Caixão,Bolsas,"149,90",,Formato caixão · alça de mão,"Bolsa preta em formato de caixão, com cruz lilás na frente e costura rosa aparente. Cabe celular, carteira e maquiagem.","Couro sintético; Cruz lilás aplicada; Alça de mão e alça longa; Forro de cetim rosa","Trad goth, Bruxinha",,,,,,bolsaCaixao
colarEclipse,Colar Eclipse Dourado,Joias e bijuterias,"69,90",,Exclusivo dos close friends,"Pingente de eclipse, com o disco escuro cobrindo o sol dourado. Peça do drop secreto: só aparece pra quem sabe a palavra mágica.","Pingente esmaltado; Corrente de 45 cm; Poucas unidades; Só no drop secreto",,,,,,sim,colarEclipse
brincoLuaNegra,Brinco Lua Negra,Joias e bijuterias,"39,90",,Exclusivo dos close friends,Par de luas crescentes pretas com contorno dourado. Peça do drop secreto: só aparece pra quem sabe a palavra mágica.,"Par de brincos; Contorno dourado; Gancho antialérgico; Só no drop secreto",,,,,,sim,brincoLua
